permission,protection_level,orginal
android.permission.SIGNAL_PERSISTENT_PROCESSES,signatureOrSystem
android.permission.READ_LOGS,signatureOrSystem
android.permission.SET_ALWAYS_FINISH,signatureOrSystem
android.permission.WRITE_SECURE_SETTINGS,signatureOrSystem
android.permission.READ_EXTERNAL_STORAGE,normal
android.permission.SET_PROCESS_LIMIT,signatureOrSystem
android.permission.DUMP,signatureOrSystem
android.permission.SET_DEBUG_APP,signatureOrSystem
android.permission.WRITE_CALL_LOG,dangerous
com.android.browser.permission.WRITE_HISTORY_BOOKMARKS,dangerous
android.permission.READ_PROFILE,dangerous
com.android.browser.permission.READ_HISTORY_BOOKMARKS,dangerous
com.android.alarm.permission.SET_ALARM,normal
android.permission.READ_CONTACTS,dangerous
com.android.voicemail.permission.ADD_VOICEMAIL,dangerous
android.permission.WRITE_CALENDAR,dangerous
android.permission.WRITE_USER_DICTIONARY,normal
android.permission.READ_CALL_LOG,dangerous
android.permission.READ_SOCIAL_STREAM,dangerous
android.permission.READ_USER_DICTIONARY,dangerous
android.permission.WRITE_CONTACTS,dangerous
android.permission.BIND_APPWIDGET,signatureOrSystem
android.permission.WRITE_SOCIAL_STREAM,dangerous
android.permission.RETRIEVE_WINDOW_CONTENT,signatureOrSystem
android.permission.READ_CALENDAR,dangerous
com.android.voicemail.permission.READ_WRITE_ALL_VOICEMAIL,signature
android.permission.WRITE_PROFILE,dangerous
android.permission.SEND_SMS_NO_CONFIRMATION,signatureOrSystem
android.permission.SEND_SMS,dangerous
android.permission.CALL_PHONE,dangerous
android.permission.ACCESS_MOCK_LOCATION,dangerous
android.permission.ACCESS_LOCATION_EXTRA_COMMANDS,normal
android.permission.ACCESS_COARSE_LOCATION,dangerous
android.permission.ACCESS_FINE_LOCATION,dangerous
android.permission.BROADCAST_WAP_PUSH,signature
android.permission.WRITE_SMS,dangerous
android.permission.RECEIVE_EMERGENCY_BROADCAST,signatureOrSystem
android.permission.RECEIVE_WAP_PUSH,dangerous
android.permission.BROADCAST_SMS,signature
android.permission.READ_SMS,dangerous
com.android.email.permission.READ_ATTACHMENT,dangerous
android.permission.RECEIVE_SMS,dangerous
android.permission.RECEIVE_MMS,dangerous
android.permission.READ_CELL_BROADCASTS,dangerous
android.permission.ACCESS_WIMAX_STATE,normal
android.permission.ACCESS_NETWORK_STATE,normal
android.permission.NFC,dangerous
android.permission.BLUETOOTH,dangerous
android.permission.ACCESS_WIFI_STATE,normal
android.permission.CONNECTIVITY_INTERNAL,signatureOrSystem
android.permission.INTERNET,dangerous
android.permission.DOWNLOAD_WITHOUT_NOTIFICATION,normal
android.permission.USE_SIP,dangerous
android.permission.AUTHENTICATE_ACCOUNTS,dangerous
android.permission.GET_ACCOUNTS,normal
android.permission.ACCOUNT_MANAGER,signature
android.permission.MANAGE_ACCOUNTS,dangerous
android.permission.USE_CREDENTIALS,dangerous
android.permission.WRITE_MEDIA_STORAGE,signatureOrSystem
android.permission.WRITE_EXTERNAL_STORAGE,dangerous
android.permission.MODIFY_PHONE_STATE,signatureOrSystem
android.permission.PROCESS_OUTGOING_CALLS,dangerous
android.permission.READ_PHONE_STATE,dangerous
android.permission.READ_PRIVILEGED_PHONE_STATE,signatureOrSystem
android.permission.CAMERA,dangerous
android.permission.FLASHLIGHT,normal
android.permission.HARDWARE_TEST,signature
android.permission.MANAGE_USB,signatureOrSystem
android.permission.RECORD_AUDIO,dangerous
android.permission.MODIFY_AUDIO_SETTINGS,dangerous
android.permission.ACCESS_MTP,signatureOrSystem
android.permission.VIBRATE,normal
android.permission.CHANGE_WIFI_MULTICAST_STATE,dangerous
android.permission.CLEAR_APP_CACHE,dangerous
android.permission.ASEC_ACCESS,signature
android.permission.CHANGE_BACKGROUND_DATA_SETTING,signature
android.permission.GET_DETAILED_TASKS,signature
android.permission.FORCE_STOP_PACKAGES,signature
com.android.launcher.permission.UNINSTALL_SHORTCUT,normal
android.permission.DISABLE_KEYGUARD,dangerous
android.permission.READ_SYNC_STATS,normal
android.permission.GLOBAL_SEARCH_CONTROL,signature
android.permission.DIAGNOSTIC,signature
android.permission.BLUETOOTH_ADMIN,dangerous
android.permission.START_ANY_ACTIVITY,signature
android.permission.MOUNT_UNMOUNT_FILESYSTEMS,dangerous
android.permission.GLOBAL_SEARCH,signatureOrSystem
android.permission.ASEC_CREATE,signature
android.permission.ASEC_RENAME,signature
android.permission.MOUNT_FORMAT_FILESYSTEMS,dangerous
android.permission.REMOTE_AUDIO_PLAYBACK,signature
android.permission.RESTART_PACKAGES,normal
android.permission.SUBSCRIBED_FEEDS_READ,normal
android.permission.WAKE_LOCK,dangerous
android.permission.WRITE_SYNC_SETTINGS,dangerous
com.android.launcher.permission.READ_SETTINGS,normal
android.permission.CHANGE_NETWORK_STATE,dangerous
android.permission.GET_TASKS,dangerous
com.android.launcher.permission.PRELOAD_WORKSPACE,signatureOrSystem
android.permission.SET_WALLPAPER_HINTS,normal
android.permission.BROADCAST_STICKY,normal
android.permission.GET_PACKAGE_SIZE,normal
android.permission.WRITE_APN_SETTINGS,signatureOrSystem
android.permission.SET_ANIMATION_SCALE,signatureOrSystem
android.permission.REORDER_TASKS,dangerous
android.permission.ASEC_MOUNT_UNMOUNT,signature
android.permission.MODIFY_APPWIDGET_BIND_PERMISSIONS,signatureOrSystem
android.permission.CHANGE_WIFI_STATE,dangerous
android.permission.SUBSCRIBED_FEEDS_WRITE,dangerous
android.permission.SET_PREFERRED_APPLICATIONS,signature
android.permission.SET_SCREEN_COMPATIBILITY,signature
android.permission.PERSISTENT_ACTIVITY,dangerous
android.permission.KILL_BACKGROUND_PROCESSES,normal
android.permission.EXPAND_STATUS_BAR,normal
android.permission.CHANGE_CONFIGURATION,dangerous
android.permission.CHANGE_WIMAX_STATE,dangerous
android.permission.SET_WALLPAPER_COMPONENT,signatureOrSystem
android.permission.ASEC_DESTROY,signature
android.permission.READ_SYNC_SETTINGS,normal
android.permission.SET_TIME_ZONE,dangerous
android.permission.RECEIVE_BOOT_COMPLETED,normal
com.android.launcher.permission.INSTALL_SHORTCUT,normal
android.permission.REMOVE_TASKS,signature
android.permission.SYSTEM_ALERT_WINDOW,dangerous
android.permission.WRITE_SETTINGS,dangerous
com.android.launcher.permission.WRITE_SETTINGS,signatureOrSystem
android.permission.SET_WALLPAPER,normal
android.permission.NET_ADMIN,signature
android.permission.BROADCAST_PACKAGE_REMOVED,signature
android.permission.INTERNAL_SYSTEM_WINDOW,signature
android.permission.MOVE_PACKAGE,signatureOrSystem
android.permission.READ_INPUT_STATE,signature
android.permission.REBOOT,signatureOrSystem
android.permission.STATUS_BAR,signatureOrSystem
android.permission.ACCESS_DOWNLOAD_MANAGER_ADVANCED,signatureOrSystem
android.permission.STOP_APP_SWITCHES,signatureOrSystem
android.permission.BIND_VPN_SERVICE,signature
android.permission.MANAGE_APP_TOKENS,signature
android.permission.SET_KEYBOARD_LAYOUT,signature
android.permission.BIND_PACKAGE_VERIFIER,signature
android.permission.BATTERY_STATS,normal
android.permission.COPY_PROTECTED_DATA,signature
com.android.email.permission.ACCESS_PROVIDER,signature
android.permission.MASTER_CLEAR,signatureOrSystem
android.permission.MODIFY_NETWORK_ACCOUNTING,signatureOrSystem
android.permission.READ_NETWORK_USAGE_HISTORY,signatureOrSystem
android.permission.INJECT_EVENTS,signature
android.permission.INSTALL_LOCATION_PROVIDER,signatureOrSystem
android.permission.UPDATE_LOCK,signatureOrSystem
android.permission.CONFIRM_FULL_BACKUP,signature
android.permission.PACKAGE_USAGE_STATS,signatureOrSystem
android.permission.ACCESS_SURFACE_FLINGER,signature
android.permission.PACKAGE_VERIFICATION_AGENT,signatureOrSystem
android.intent.category.MASTER_CLEAR.permission.C2D_MESSAGE,signature
android.permission.ALLOW_ANY_CODEC_FOR_PLAYBACK,signatureOrSystem
android.permission.BIND_TEXT_SERVICE,signature
android.permission.GRANT_REVOKE_PERMISSIONS,signature
android.permission.READ_FRAME_BUFFER,signatureOrSystem
android.permission.FORCE_BACK,signature
android.permission.UPDATE_DEVICE_STATS,signatureOrSystem
android.permission.SET_ORIENTATION,signature
android.permission.FACTORY_TEST,signature
android.permission.BIND_DEVICE_ADMIN,signature
android.permission.CLEAR_APP_USER_DATA,signature
android.permission.SHUTDOWN,signatureOrSystem
android.permission.BIND_INPUT_METHOD,signature
android.permission.BIND_ACCESSIBILITY_SERVICE,signature
android.permission.ACCESS_DRM,signature
android.permission.DOWNLOAD_CACHE_NON_PURGEABLE,signatureOrSystem
android.permission.SEND_DOWNLOAD_COMPLETED_INTENTS,signature
android.permission.SERIAL_PORT,signatureOrSystem
android.permission.ACCESS_CHECKIN_PROPERTIES,signatureOrSystem
android.permission.CRYPT_KEEPER,signatureOrSystem
android.permission.DEVICE_POWER,signature
android.permission.DELETE_PACKAGES,signatureOrSystem
android.permission.ACCESS_CACHE_FILESYSTEM,signatureOrSystem
android.permission.ACCESS_ALL_DOWNLOADS,signature
android.permission.CONTROL_LOCATION_UPDATES,signatureOrSystem
android.permission.ACCESS_DOWNLOAD_MANAGER,signatureOrSystem
android.permission.DELETE_CACHE_FILES,signatureOrSystem
android.permission.INSTALL_DRM,normal
android.permission.SET_ACTIVITY_WATCHER,signature
android.permission.BRICK,signature
android.permission.BACKUP,signatureOrSystem
android.permission.SET_TIME,signatureOrSystem
android.permission.STATUS_BAR_SERVICE,signature
android.permission.INSTALL_PACKAGES,signatureOrSystem
android.permission.PERFORM_CDMA_PROVISIONING,signatureOrSystem
android.permission.SET_POINTER_SPEED,signature
com.android.browser.permission.PRELOAD,signatureOrSystem
android.permission.CALL_PRIVILEGED,signatureOrSystem
android.permission.CHANGE_COMPONENT_ENABLED_STATE,signatureOrSystem
android.permission.WRITE_GSERVICES,signatureOrSystem
android.permission.MANAGE_NETWORK_POLICY,signature
android.permission.BIND_WALLPAPER,signatureOrSystem
android.permission.BIND_REMOTEVIEWS,signatureOrSystem
android.permission.ACCESS_CONTENT_PROVIDERS_EXTERNALLY,signature
android.permission.ACCESS_ALL_EXTERNAL_STORAGE,signature
android.permission.CHANGE_CONFIGURATION,signatureOrSystem
android.permission.WAKE_LOCK,normal
com.google.android.xmpp.permission.USE_XMPP_ENDPOINT,signature
com.google.android.permission.BROADCAST_DATA_MESSAGE,signatureOrSystem
com.google.android.gtalkservice.permission.SEND_HEARTBEAT,signatureOrSystem
com.google.android.c2dm.permission.SEND,signatureOrSystem
com.google.android.xmpp.permission.XMPP_ENDPOINT_BROADCAST,signatureOrSystem
android.permission.CHANGE_NETWORK_STATE,normal
com.google.android.xmpp.permission.SEND_RECEIVE,signature
android.permission.RECEIVE_DATA_ACTIVITY_CHANGE,signatureOrSystem
com.google.android.xmpp.permission.BROADCAST,signatureOrSystem
com.google.android.c2dm.permission.RECEIVE,normal
android.permission.MODIFY_AUDIO_SETTINGS,normal
android.permission.WRITE_SYNC_SETTINGS,normal
android.permission.REORDER_TASKS,normal
android.permission.PERSISTENT_ACTIVITY,normal
com.android.launcher.permission.UNINSTALL_SHORTCUT,dangerous
android.permission.WRITE_DREAM_STATE,signature
android.permission.NET_TUNNELING,signature
android.permission.MOUNT_UNMOUNT_FILESYSTEMS,signatureOrSystem
android.permission.BLUETOOTH_STACK,signature
android.permission.BATTERY_STATS,dangerous
android.permission.MOUNT_FORMAT_FILESYSTEMS,signatureOrSystem
android.permission.MANAGE_USERS,signatureOrSystem
android.permission.INTERACT_ACROSS_USERS,signatureOrSystem
com.android.launcher.permission.INSTALL_SHORTCUT,dangerous
android.permission.INTERACT_ACROSS_USERS_FULL,signature
android.permission.WRITE_SETTINGS,normal
android.permission.READ_DREAM_STATE,signature
android.permission.SET_TIME_ZONE,normal
com.google.android.gtalkservice.permission.GTALK_SERVICE,signature
com.google.android.providers.talk.permission.READ_ONLY,dangerous
com.google.android.providers.talk.permission.WRITE_ONLY,dangerous
android.permission.BIND_KEYGUARD_APPWIDGET,signatureOrSystem
android.permission.BIND_DIRECTORY_SEARCH,signatureOrSystem
com.google.android.gms.permission.ACTIVITY_RECOGNITION,normal
com.google.android.googleapps.permission.GOOGLE_AUTH.android,dangerous
com.google.android.googleapps.permission.GOOGLE_AUTH.orkut,dangerous
com.google.android.googleapps.permission.GOOGLE_AUTH.ah,dangerous
com.google.android.googleapps.permission.GOOGLE_AUTH.doraemon,normal
com.google.android.googleapps.permission.GOOGLE_AUTH.lh2,dangerous
com.google.android.googleapps.permission.GOOGLE_AUTH,normal
com.google.android.googleapps.permission.GOOGLE_AUTH.wise,dangerous
com.google.android.googleapps.permission.GOOGLE_AUTH.speechpersonalization,dangerous
com.google.android.googleapps.permission.GOOGLE_AUTH.notebook,dangerous
com.google.android.googleapps.permission.GOOGLE_AUTH.sierra,dangerous
com.google.android.googleapps.permission.GOOGLE_AUTH.groups2,dangerous
com.google.android.googleapps.permission.GOOGLE_AUTH.goanna_mobile,normal
com.google.android.googleapps.permission.GOOGLE_AUTH.knol,dangerous
com.google.android.googleapps.permission.GOOGLE_AUTH.blogger,dangerous
com.google.android.googleapps.permission.GOOGLE_AUTH.sierraqa,dangerous
com.google.android.googleapps.permission.GOOGLE_AUTH.speech,dangerous
com.google.android.googleapps.permission.GOOGLE_AUTH.health,dangerous
com.google.android.googleapps.permission.GOOGLE_AUTH.sierrasandbox,dangerous
com.google.android.googleapps.permission.GOOGLE_AUTH.writely,dangerous
com.google.android.googleapps.permission.GOOGLE_AUTH.print,dangerous
com.google.android.googleapps.permission.GOOGLE_AUTH.news,dangerous
com.google.android.googleapps.permission.GOOGLE_AUTH.androidsecure,dangerous
com.google.android.googleapps.permission.GOOGLE_AUTH.ig,dangerous
com.google.android.googleapps.permission.GOOGLE_AUTH.talk,dangerous
com.google.android.googleapps.permission.GOOGLE_AUTH.youtube,dangerous
com.google.android.googleapps.permission.GOOGLE_AUTH.jotspot,dangerous
com.google.android.googleapps.permission.GOOGLE_AUTH.dodgeball,dangerous
com.google.android.providers.gsf.permission.READ_GSERVICES,normal
com.google.android.googleapps.permission.GOOGLE_AUTH.OTHER_SERVICES,dangerous
com.google.android.googleapps.permission.GOOGLE_AUTH.reader,normal
com.google.android.googleapps.permission.GOOGLE_AUTH.geowiki,normal
com.google.android.googleapps.permission.GOOGLE_AUTH.grandcentral,dangerous
com.google.android.googleapps.permission.GOOGLE_AUTH.adwords,dangerous
com.google.android.googleapps.permission.GOOGLE_AUTH.YouTubeUser,dangerous
com.google.android.googleapps.permission.GOOGLE_AUTH.mail,dangerous
com.google.android.googleapps.permission.GOOGLE_AUTH.adsense,dangerous
com.google.android.googleapps.permission.GOOGLE_AUTH.sitemaps,dangerous
com.google.android.googleapps.permission.GOOGLE_AUTH.local,dangerous
com.google.android.googleapps.permission.GOOGLE_AUTH.ALL_SERVICES,signature
com.google.android.googleapps.permission.GOOGLE_AUTH.cp,dangerous
com.google.android.googleapps.permission.GOOGLE_AUTH.wifi,dangerous
com.google.android.googleapps.permission.GOOGLE_AUTH.cl,dangerous
com.google.android.googleapps.permission.GOOGLE_AUTH.mobile,dangerous
com.google.android.googleapps.permission.GOOGLE_AUTH.gbase,dangerous
com.google.android.googleapps.permission.GOOGLE_AUTH.panoramio,normal
com.google.android.googleapps.permission.GOOGLE_AUTH.finance,dangerous
com.google.android.gms.permission.GAMES_DEBUG_SETTINGS,signature
com.google.android.gms.permission.CHECKIN_NOW,signature
com.google.android.gms.permission.INTERNAL_BROADCAST,signature
com.google.android.gms.trustagent.permission.TRUSTAGENT_STATE,signature
android.permission.CONTROL_WIFI_DISPLAY,signature
com.google.android.providers.settings.permission.READ_GSETTINGS,signature
com.google.android.gms.magictether.permission.TEST_NOTIFICATION,signature
com.google.android.gms.chromesync.permission.CONTENT_PROVIDER_ACCESS,signature
android.permission.FILTER_EVENTS,signature
android.permission.RETRIEVE_WINDOW_INFO,signature
com.google.android.gms.permission.SHOW_WARM_WELCOME_TAPANDPAY_APP,signature
android.server.checkin.CHECKIN.permission.C2D_MESSAGE,signature
com.google.android.gms.permission.CONTACTS_SYNC_DELEGATION,signature
com.google.android.gms.auth.permission.GOOGLE_ACCOUNT_CHANGE,signature
com.google.android.gms.permission.SHOW_TRANSACTION_RECEIPT,signature
com.google.android.gsf.permission.CONNECTION,signature
com.google.android.gms.permission.C2D_MESSAGE,signature
com.google.android.gms.permission.APPINDEXING,signature
com.google.android.providers.settings.permission.WRITE_GSETTINGS,signature
com.google.android.gms.chimera.permission.CONFIG_CHANGE,signature
android.permission.MAGNIFY_DISPLAY,signature
com.google.android.gms.permission.BROADCAST_TO_GOOGLEHELP,signature
com.google.android.googleapps.permission.ACCESS_GOOGLE_PASSWORD,signature
android.permission.CONFIGURE_WIFI_DISPLAY,signature
com.google.android.gms.magictether.permission.CONNECTED_HOST_CHANGED,signature
com.google.android.gms.auth.permission.POST_SIGN_IN_ACCOUNT,signature
com.google.android.gms.magictether.permission.SCANNED_DEVICE,signature
com.google.android.gms.auth.authzen.permission.GCM_DEVICE_PROXIMITY,signature
com.google.android.gms.permission.READ_VALUABLES_IMAGES,signature
com.google.android.googleapps.permission.GOOGLE_MAIL_SWITCH,signature
com.google.android.gms.auth.authzen.permission.DEVICE_SYNC_FINISHED,signature
com.google.android.gsf.permission.C2D_MESSAGE,signature
com.google.android.providers.gsf.permission.WRITE_GSERVICES,signatureOrSystem
com.google.android.gsf.subscribedfeeds.permission.C2D_MESSAGE,signature
com.google.googlenav.friend.permission.OPT_IN,signature
com.google.android.gms.auth.api.signin.permission.REVOCATION_NOTIFICATION,signature
com.google.android.gms.permission.BIND_NETWORK_TASK_SERVICE,signature
com.google.android.apps.maps.permission.C2D_MESSAGE,signature
com.google.android.gms.permission.SHOW_PAYMENT_CARD_DETAILS,signature
com.google.android.gms.auth.permission.FACE_UNLOCK,signature
com.google.android.gms.permission.REPORT_TAP,signature
com.google.android.apps.maps.permission.PREFETCH,signature
com.google.android.gms.permission.CAR,signature
com.google.android.gms.chromesync.permission.METADATA_UPDATED,signature
android.permission.FREEZE_SCREEN,signature
com.google.android.gms.permission.AD_ID_NOTIFICATION,normal
android.permission.TEMPORARY_ENABLE_ACCESSIBILITY,signature
android.permission.CAMERA_DISABLE_TRANSMIT_LED,signatureOrSystem
android.permission.LOOP_RADIO,signatureOrSystem
android.permission.LOCATION_HARDWARE,signatureOrSystem
android.permission.GET_APP_OPS_STATS,signatureOrSystem
android.permission.SEND_RESPOND_VIA_MESSAGE,signatureOrSystem
android.permission.GET_TOP_ACTIVITY_INFO,signature
android.permission.UPDATE_APP_OPS_STATS,signatureOrSystem
android.permission.ACCESS_NOTIFICATIONS,signatureOrSystem
android.permission.BIND_NOTIFICATION_LISTENER_SERVICE,signature
android.permission.TRANSMIT_IR,normal
android.permission.MANAGE_ACTIVITY_STACKS,signature
com.google.android.gms.permission.CAR_SPEED,dangerous
android.permission.BIND_CALL_SERVICE,signatureOrSystem
com.android.launcher3.permission.UNINSTALL_SHORTCUT,dangerous
com.android.launcher3.permission.PRELOAD_WORKSPACE,signatureOrSystem
com.android.launcher3.permission.INSTALL_SHORTCUT,dangerous
com.android.launcher3.permission.WRITE_SETTINGS,normal
android.permission.BATTERY_STATS,signatureOrSystem
com.android.launcher3.permission.READ_SETTINGS,normal
com.android.launcher.permission.WRITE_SETTINGS,normal
android.permission.BLUETOOTH_PRIVILEGED,signatureOrSystem
com.google.android.gms.permission.CAR_MILEAGE,dangerous
com.google.android.gms.permission.CAR_VENDOR_EXTENSION,dangerous
com.google.android.gms.permission.CAR_FUEL,dangerous
android.permission.MANAGE_DOCUMENTS,signatureOrSystem
com.android.voicemail.permission.READ_WRITE_ALL_VOICEMAIL,signatureOrSystem
com.google.android.gms.auth.authzen.permission.KEY_REGISTRATION_FINISHED,signature
com.android.launcher3.permission.RECEIVE_LAUNCH_BROADCASTS,signature
com.google.android.gms.permission.GROWTH,signature
com.google.android.gms.matchstick.permission.BROADCAST_LIGHTER_WEB_INFO,signature
com.google.android.gms.magictether.permission.CLIENT_TETHERING_PREFERENCE_CHANGED,signature
com.google.android.gms.permission.BIND_PAYMENTS_CALLBACK_SERVICE,signature
android.permission.MMS_SEND_OUTBOX_MSG,signatureOrSystem
android.permission.BIND_REMOTE_DISPLAY,signature
android.permission.MEDIA_CONTENT_CONTROL,signatureOrSystem
android.permission.CAPTURE_AUDIO_OUTPUT,signatureOrSystem
android.permission.BIND_NFC_SERVICE,signature
com.google.android.gms.permission.SAFETY_NET,signature
android.permission.ACCESS_NETWORK_CONDITIONS,signatureOrSystem
com.google.android.gms.game.notifications.permission.WRITE,signature
android.permission.INVOKE_CARRIER_SETUP,signatureOrSystem
com.google.android.gms.auth.api.phone.permission.SEND,signature
android.permission.MANAGE_DEVICE_ADMINS,signatureOrSystem
com.google.android.gms.permission.PHENOTYPE_UPDATE_BROADCAST,signature
android.permission.BIND_PRINT_SPOOLER_SERVICE,signature
com.google.firebase.auth.api.gms.permission.LAUNCH_FEDERATED_SIGN_IN,signature
com.google.android.gms.permission.GOOGLE_PAY,signature
com.google.android.googlequicksearchbox.permission.C2D_MESSAGE,signature
com.google.android.gms.game.notifications.permission.READ,signature
com.google.android.calendar.permission.C2D_MESSAGE,signature
android.permission.ACCESS_KEYGUARD_SECURE_STORAGE,signature
com.google.android.gms.permission.GRANT_WALLPAPER_PERMISSIONS,signature
android.permission.CONTROL_KEYGUARD,signature
android.permission.MARK_NETWORK_SOCKET,signatureOrSystem
android.permission.CAPTURE_SECURE_VIDEO_OUTPUT,signatureOrSystem
com.google.android.gms.permission.REQUEST_SCREEN_LOCK_COMPLEXITY,normal
com.google.android.gms.permission.TRANSFER_WIFI_CREDENTIAL,normal
com.android.printspooler.permission.ACCESS_ALL_PRINT_JOBS,signature
com.google.android.gms.permission.NEARBY_START_DISCOVERER,signature
com.google.android.gms.auth.proximity.permission.SMS_CONNECT_SETUP_REQUESTED,signature
com.google.android.gms.permission.PHENOTYPE_OVERRIDE_FLAGS,signature
com.google.android.gms.chimera.permission.QUERY_MODULES,signature
android.permission.START_PRINT_SERVICE_CONFIG_ACTIVITY,signature
android.permission.CAPTURE_VIDEO_OUTPUT,signatureOrSystem
android.permission.CAPTURE_AUDIO_HOTWORD,signatureOrSystem
com.google.android.gms.auth.cryptauth.permission.KEY_CHANGE,signature
android.permission.BIND_PRINT_SERVICE,signature
android.permission.MANAGE_CA_CERTIFICATES,signatureOrSystem
com.google.android.gms.magictether.permission.DISABLE_SOFT_AP,signature
android.permission.RECOVERY,signatureOrSystem
android.permission.READ_DREAM_STATE,signatureOrSystem
android.permission.READ_SEARCH_INDEXABLES,signatureOrSystem
android.permission.START_TASKS_FROM_RECENTS,signatureOrSystem
android.permission.WRITE_DREAM_STATE,signatureOrSystem
android.permission.FORCE_STOP_PACKAGES,signatureOrSystem
android.permission.OEM_UNLOCK_STATE,signature
android.permission.MANAGE_DOCUMENTS,signature
android.permission.BODY_SENSORS,normal
android.permission.BLUETOOTH_MAP,signature
android.permission.READ_PRECISE_PHONE_STATE,signatureOrSystem
android.permission.BIND_INCALL_SERVICE,signatureOrSystem
android.permission.CONTROL_INCALL_EXPERIENCE,signatureOrSystem
android.permission.BIND_CONNECTION_SERVICE,signatureOrSystem
com.android.voicemail.permission.READ_VOICEMAIL,signatureOrSystem
com.android.voicemail.permission.WRITE_VOICEMAIL,signatureOrSystem
android.permission.GET_TASKS,normal
android.permission.MANAGE_ACTIVITY_STACKS,signatureOrSystem
android.permission.REAL_GET_TASKS,signatureOrSystem
android.permission.SCORE_NETWORKS,signatureOrSystem
android.permission.READ_WIFI_CREDENTIAL,signatureOrSystem
com.google.android.gm.email.permission.READ_ATTACHMENT,dangerous
com.google.android.gm.permission.READ_CONTENT_PROVIDER,dangerous
com.google.android.gm.permission.READ_GMAIL,signature
com.google.android.gm.permission.WRITE_GMAIL,signature
android.permission.RECEIVE_BLUETOOTH_MAP,signatureOrSystem
com.google.android.gm.permission.AUTO_SEND,signature
android.permission.ACCESS_INPUT_FLINGER,signature
android.permission.MANAGE_MEDIA_PROJECTION,signature
android.permission.BIND_DREAM_SERVICE,signature
com.google.android.gms.permission.SEND_ANDROID_PAY_DATA,signature
android.permission.MODIFY_AUDIO_ROUTING,signatureOrSystem
android.permission.CAPTURE_TV_INPUT,signatureOrSystem
android.permission.TV_INPUT_HARDWARE,signatureOrSystem
android.permission.READ_INSTALL_SESSIONS,normal
android.permission.USER_ACTIVITY,signatureOrSystem
android.permission.BIND_VOICE_INTERACTION,signature
android.permission.PROCESS_CALLLOG_INFO,signatureOrSystem
android.permission.NFC_HANDOVER_STATUS,signatureOrSystem
android.permission.BIND_TV_INPUT,signatureOrSystem
android.permission.MANAGE_VOICE_KEYPHRASES,signatureOrSystem
android.permission.LAUNCH_TRUST_AGENT_SETTINGS,signatureOrSystem
com.google.android.gms.learning.permission.LAUNCH_IN_APP_PROXY,signature
android.permission.SET_INPUT_CALIBRATION,signature
android.permission.BIND_CONDITION_PROVIDER_SERVICE,signature
android.permission.BIND_JOB_SERVICE,signature
android.permission.REMOVE_DRM_CERTIFICATES,signatureOrSystem
android.permission.RETRIEVE_WINDOW_TOKEN,signature
android.permission.PROVIDE_TRUST_AGENT,signatureOrSystem
android.permission.HDMI_CEC,signatureOrSystem
android.permission.FRAME_STATS,signature
com.android.server.telecom.permission.REGISTER_CONNECTION_MANAGER,signature
com.android.server.telecom.permission.REGISTER_PROVIDER_OR_SUBSCRIPTION,signature
com.google.android.gm.email.permission.ACCESS_PROVIDER,signature
android.permission.BIND_TRUST_AGENT,signature
android.permission.TRUST_LISTENER,signature
android.permission.BROADCAST_CALLLOG_INFO,signatureOrSystem
android.permission.BROADCAST_SCORE_NETWORKS,signatureOrSystem
android.permission.MODIFY_PARENTAL_CONTROLS,signatureOrSystem
android.permission.ACCESS_DRM_CERTIFICATES,signatureOrSystem
android.permission.REGISTER_CALL_PROVIDER,signatureOrSystem
android.permission.REGISTER_SIM_SUBSCRIPTION,signatureOrSystem
android.permission.REGISTER_CONNECTION_MANAGER,signatureOrSystem
android.permission.CARRIER_FILTER_SMS,signatureOrSystem
android.permission.ACCESS_FM_RADIO,signatureOrSystem
android.permission.BROADCAST_NETWORK_PRIVILEGED,signatureOrSystem
android.permission.ACCESS_PDB_STATE,signature
com.google.android.launcher.permission.WRITE_SETTINGS,signatureOrSystem
com.google.android.launcher.permission.READ_SETTINGS,normal
com.google.android.googlequicksearchbox.permission.FINISH_GEL_ACTIVITY,signature
com.google.android.googlequicksearchbox.permission.PAUSE_HOTWORD,signatureOrSystem
android.permission.CONTROL_VPN,signatureOrSystem
com.google.android.launcher.permission.CONTENT_REDIRECT,signature
android.permission.RECEIVE_STK_COMMANDS,signatureOrSystem
android.permission.BIND_CARRIER_MESSAGING_SERVICE,signatureOrSystem
com.google.android.launcher.permission.RECEIVE_FIRST_LOAD_BROADCAST,signatureOrSystem
com.google.android.googlequicksearchbox.permission.FLUSH_LOGS,signature
com.google.android.launcher.permission.RECEIVE_LAUNCH_BROADCASTS,signature
android.permission.GET_ACCOUNTS,dangerous
android.permission.ACCESS_IMS_CALL_SERVICE,signatureOrSystem
android.permission.BODY_SENSORS,dangerous
android.permission.USE_FINGERPRINT,normal
android.permission.READ_EXTERNAL_STORAGE,dangerous
com.google.android.apps.photos.permission.C2D_MESSAGE,signature
android.permission.INTENT_FILTER_VERIFICATION_AGENT,signatureOrSystem
android.permission.WRITE_SETTINGS,signature
android.permission.USE_CREDENTIALS,normal
android.permission.KILL_UID,signature
android.permission.ACCESS_NOTIFICATION_POLICY,normal
android.permission.ACCESS_MOCK_LOCATION,signature
android.permission.GET_PACKAGE_IMPORTANCE,signatureOrSystem
android.permission.MANAGE_ACCOUNTS,normal
android.permission.SYSTEM_ALERT_WINDOW,signature
android.permission.BIND_CARRIER_SERVICES,signatureOrSystem
android.permission.BROADCAST_PHONE_ACCOUNT_REGISTRATION,signatureOrSystem
android.permission.NFC,normal
android.permission.PROCESS_PHONE_ACCOUNT_REGISTRATION,signatureOrSystem
android.permission.CAMERA_SEND_SYSTEM_EVENTS,signatureOrSystem
android.permission.BIND_INTENT_FILTER_VERIFIER,signature
android.permission.CHANGE_NETWORK_STATE,signature
android.permission.BIND_TELECOM_CONNECTION_SERVICE,signatureOrSystem
android.permission.PEERS_MAC_ADDRESS,signature
android.permission.MANAGE_PROFILE_AND_DEVICE_OWNERS,signature
android.permission.REQUEST_IGNORE_BATTERY_OPTIMIZATIONS,normal
android.permission.READ_PROFILE,normal
android.permission.BLUETOOTH,normal
android.permission.CHANGE_WIFI_MULTICAST_STATE,normal
android.permission.DVB_DEVICE,signatureOrSystem
android.permission.PERFORM_SIM_ACTIVATION,signatureOrSystem
android.permission.SUBSCRIBED_FEEDS_WRITE,normal
android.permission.AUTHENTICATE_ACCOUNTS,normal
android.permission.INTERNET,normal
com.android.browser.permission.READ_HISTORY_BOOKMARKS,normal
android.permission.BLUETOOTH_ADMIN,normal
android.permission.MANAGE_FINGERPRINT,signatureOrSystem
android.permission.INSTALL_GRANT_RUNTIME_PERMISSIONS,signature
android.permission.WRITE_SOCIAL_STREAM,normal
android.permission.WRITE_PROFILE,normal
android.permission.GET_ACCOUNTS_PRIVILEGED,signatureOrSystem
android.permission.BIND_MIDI_DEVICE_SERVICE,signature
android.permission.RECEIVE_WIFI_CREDENTIAL_CHANGE,signatureOrSystem
android.permission.WRITE_SMS,normal
android.permission.CHANGE_WIFI_STATE,normal
android.permission.BIND_ROUTE_PROVIDER,signature
android.permission.REVOKE_RUNTIME_PERMISSIONS,signature
android.permission.DISABLE_KEYGUARD,normal
android.permission.LOCAL_MAC_ADDRESS,signatureOrSystem
android.permission.UPDATE_CONFIG,signatureOrSystem
android.permission.QUERY_DO_NOT_ASK_CREDENTIALS_ON_BOOT,signature
android.permission.ACCESS_VOICE_INTERACTION_SERVICE,signature
android.permission.DISPATCH_NFC_MESSAGE,signatureOrSystem
android.permission.CLEAR_APP_CACHE,signatureOrSystem
android.permission.CHANGE_APP_IDLE_STATE,signature
android.permission.GRANT_RUNTIME_PERMISSIONS,signature
com.android.systemui.permission.SELF,signature
com.android.browser.permission.WRITE_HISTORY_BOOKMARKS,normal
android.permission.OVERRIDE_WIFI_CONFIG,signatureOrSystem
android.permission.ACCESS_UCE_OPTIONS_SERVICE,signatureOrSystem
android.permission.ACCESS_UCE_PRESENCE_SERVICE,signatureOrSystem
android.permission.REGISTER_WINDOW_MANAGER_LISTENERS,signature
com.android.gallery3d.permission.GALLERY_PROVIDER,signatureOrSystem
com.google.android.talk.permission.C2D_MESSAGE,signature
com.google.android.gm.permission.BROADCAST_INTERNAL,signature
android.permission.BIND_PRINT_RECOMMENDATION_SERVICE,signature
com.google.android.videos.permission.MOCK_GCM_RECEIVE,signature
android.permission.STORAGE_INTERNAL,signature
android.permission.TABLET_MODE,signature
android.permission.BIND_RUNTIME_PERMISSION_PRESENTER_SERVICE,signature
android.permission.BIND_VR_LISTENER_SERVICE,signature
com.google.android.youtube.permission.C2D_MESSAGE,signature
android.permission.SYSTEM_ALERT_WINDOW,signatureOrSystem
android.permission.MANAGE_SOUND_TRIGGER,signatureOrSystem
android.permission.BIND_QUICK_SETTINGS_TILE,signature
android.permission.GET_PROCESS_STATE_AND_OOM_SCORE,signatureOrSystem
android.permission.RESET_SHORTCUT_MANAGER_THROTTLING,signature
android.permission.RESET_FINGERPRINT_LOCKOUT,signature
com.google.android.onetimeinitializer.permission.ONE_TIME_INITIALIZED,signature
android.permission.WRITE_BLOCKED_NUMBERS,signature
android.permission.GET_INTENT_SENDER_INTENT,signature
com.android.chrome.permission.CHILD_SERVICE,signature
com.google.android.videos.permission.C2D_MESSAGE,signature
com.google.android.partnersetup.permission.UPDATE_CLIENT_ID,signatureOrSystem
android.permission.CLEAR_APP_GRANTED_URI_PERMISSIONS,signature
com.google.android.partnersetup.permission.WRITE_APP_PROVIDER,signatureOrSystem
android.permission.RECEIVE_MEDIA_RESOURCE_USAGE,signatureOrSystem
android.permission.TETHER_PRIVILEGED,signatureOrSystem
android.permission.BIND_SCREENING_SERVICE,signatureOrSystem
android.permission.READ_BLOCKED_NUMBERS,signature
android.permission.UPDATE_LOCK_TASK_PACKAGES,signature
android.permission.BIND_NOTIFICATION_RANKER_SERVICE,signature
com.google.android.videos.permission.INVALIDATE_AUTH_TOKENS,signature
android.permission.SUBSTITUTE_NOTIFICATION_APP_NAME,signatureOrSystem
android.permission.MODIFY_CELL_BROADCASTS,signatureOrSystem
android.permission.MODIFY_DAY_NIGHT_MODE,signatureOrSystem
android.permission.GET_PASSWORD,signature
android.permission.BIND_TV_REMOTE_SERVICE,signatureOrSystem
android.permission.CONFIGURE_DISPLAY_COLOR_TRANSFORM,signature
android.permission.TV_VIRTUAL_REMOTE_CONTROLLER,signatureOrSystem
android.permission.MANAGE_APP_OPS_RESTRICTIONS,signature
android.permission.CACHE_CONTENT,signature
android.permission.GET_APP_GRANTED_URI_PERMISSIONS,signature
android.permission.READ_SOCIAL_STREAM,normal
android.permission.BIND_CHOOSER_TARGET_SERVICE,signature
android.permission.ACCESS_EPHEMERAL_APPS,signature
android.permission.OBSERVE_GRANT_REVOKE_PERMISSIONS,signatureOrSystem
android.permission.READ_OEM_UNLOCK_STATE,signatureOrSystem
com.google.android.apps.docs.permission.C2D_MESSAGE,signature
com.google.android.calendar.permission.READ_OOBE,signature
android.permission.CONFIGURE_DISPLAY_COLOR_MODE,signature
android.permission.ANSWER_PHONE_CALLS,dangerous
android.permission.READ_PHONE_NUMBERS,dangerous
android.permission.PROVIDE_RESOLVER_RANKER_SERVICE,signatureOrSystem
com.google.android.googleapps.permission.GOOGLE_AUTH.sitemaps,signature
android.permission.NOTIFICATION_DURING_SETUP,signatureOrSystem
com.google.android.googleapps.permission.GOOGLE_AUTH.sierrasandbox,signature
com.google.android.googleapps.permission.GOOGLE_AUTH.ah,signature
com.google.android.googleapps.permission.GOOGLE_AUTH.cl,signature
com.google.android.googleapps.permission.GOOGLE_AUTH.cp,signature
com.google.android.googleapps.permission.GOOGLE_AUTH.ig,signature
android.permission.INSTANT_APP_FOREGROUND_SERVICE,signatureOrSystem
com.google.android.googleapps.permission.GOOGLE_AUTH.lh2,signature
com.google.android.googleapps.permission.GOOGLE_AUTH.gbase,signature
com.google.android.googleapps.permission.GOOGLE_AUTH.local,signature
com.google.android.googleapps.permission.GOOGLE_AUTH.orkut,signature
com.google.android.googleapps.permission.GOOGLE_AUTH.print,signature
com.google.android.googleapps.permission.GOOGLE_AUTH.OTHER_SERVICES,signature
android.permission.SET_VOLUME_KEY_LONG_PRESS_LISTENER,signatureOrSystem
android.permission.BIND_AUTOFILL,signature
android.permission.NETWORK_SETTINGS,signature
com.google.android.googleapps.permission.GOOGLE_AUTH.writely,signature
android.permission.CHANGE_OVERLAY_PACKAGES,signatureOrSystem
android.permission.REQUEST_COMPANION_USE_DATA_IN_BACKGROUND,normal
com.google.android.googleapps.permission.GOOGLE_AUTH.notebook,signature
com.google.android.googleapps.permission.GOOGLE_AUTH,signature
android.permission.SET_TIME_ZONE,signatureOrSystem
com.google.android.ambientindication.permission.AMBIENT_INDICATION,signatureOrSystem
android.permission.BIND_CACHE_QUOTA_SERVICE,signature
android.permission.BIND_RESOLVER_RANKER_SERVICE,signature
com.google.android.googleapps.permission.GOOGLE_AUTH.knol,signature
com.google.android.googleapps.permission.GOOGLE_AUTH.mail,signature
com.google.android.googleapps.permission.GOOGLE_AUTH.news,signature
com.google.android.googleapps.permission.GOOGLE_AUTH.talk,signature
com.google.android.googleapps.permission.GOOGLE_AUTH.wifi,signature
com.google.android.googleapps.permission.GOOGLE_AUTH.wise,signature
android.permission.REQUEST_COMPANION_RUN_IN_BACKGROUND,normal
com.google.android.googleapps.permission.GOOGLE_AUTH.YouTubeUser,signature
com.google.android.googleapps.permission.GOOGLE_AUTH.androidsecure,signature
android.permission.RESTRICTED_VR_ACCESS,signature
android.permission.ACCESS_INSTANT_APPS,signature
android.permission.MODIFY_THEME_OVERLAY,signature
android.permission.ALLOCATE_AGGRESSIVE,signatureOrSystem
android.permission.CHANGE_ACCESSIBILITY_VOLUME,signature
com.google.android.googleapps.permission.GOOGLE_AUTH.grandcentral,signature
com.google.android.googleapps.permission.GOOGLE_AUTH.jotspot,signature
android.permission.NETWORK_STACK,signature
com.android.companiondevicemanager.permission.BIND,signature
android.permission.BIND_AUTOFILL_SERVICE,signature
android.permission.BIND_COMPANION_DEVICE_MANAGER_SERVICE,signature
com.google.android.googleapps.permission.GOOGLE_AUTH.adsense,signature
com.google.android.googleapps.permission.GOOGLE_AUTH.adwords,signature
android.permission.BIND_VISUAL_VOICEMAIL_SERVICE,signatureOrSystem
android.permission.SET_DISPLAY_OFFSET,signatureOrSystem
com.google.android.googleapps.permission.GOOGLE_AUTH.youtube,signature
com.google.android.googleapps.permission.GOOGLE_AUTH.android,signature
com.google.android.googleapps.permission.GOOGLE_AUTH.finance,signature
android.permission.USE_DATA_IN_BACKGROUND,signature
android.permission.BIND_NOTIFICATION_ASSISTANT_SERVICE,signature
com.google.android.googleapps.permission.GOOGLE_AUTH.dodgeball,signature
android.permission.MANAGE_USER_OEM_UNLOCK_STATE,signatureOrSystem
android.permission.REQUEST_NETWORK_SCORES,signature
android.permission.CONNECTIVITY_USE_RESTRICTED_NETWORKS,signatureOrSystem
android.permission.MANAGE_OWN_CALLS,normal
android.permission.NOTIFY_TV_INPUTS,signatureOrSystem
com.google.android.dialer.permission.C2D_MESSAGE,signature
com.google.android.googleapps.permission.GOOGLE_AUTH.health,signature
android.permission.REQUEST_DELETE_PACKAGES,normal
com.google.android.googleapps.permission.GOOGLE_AUTH.mobile,signature
android.permission.MANAGE_NOTIFICATIONS,signature
com.google.android.googleapps.permission.GOOGLE_AUTH.sierra,signature
com.google.android.googleapps.permission.GOOGLE_AUTH.speech,signature
com.google.android.partnersetup.permission.ACCESS_PROVIDER,signature
com.android.chrome.permission.C2D_MESSAGE,signature
com.google.android.apps.tachyon.permission.C2D_MESSAGE,signature
android.permission.RUN_IN_BACKGROUND,signature
android.permission.SET_MEDIA_KEY_LISTENER,signatureOrSystem
android.permission.HIDE_NON_SYSTEM_OVERLAY_WINDOWS,signature
android.permission.MODIFY_ACCESSIBILITY_DATA,signature
com.google.android.googleapps.permission.GOOGLE_AUTH.blogger,signature
android.permission.SEND_CALL_LOG_CHANGE,signatureOrSystem
com.google.android.music.permission.C2D_MESSAGE,signature
android.permission.CHANGE_DEVICE_IDLE_TEMP_WHITELIST,signatureOrSystem
android.permission.READ_USER_DICTIONARY,normal
com.google.android.googleapps.permission.GOOGLE_AUTH.speechpersonalization,signature
android.permission.VIEW_INSTANT_APPS,signature
android.permission.CREATE_USERS,signature
android.permission.NOTIFY_PENDING_SYSTEM_UPDATE,signatureOrSystem
android.permission.DISPATCH_PROVISIONING_MESSAGE,signatureOrSystem
com.android.chrome.permission.READ_WRITE_BOOKMARK_FOLDERS,signatureOrSystem
com.google.android.googleapps.permission.GOOGLE_AUTH.groups2,signature
com.android.systemui.permission.PLUGIN,signature
android.permission.BIND_IMS_SERVICE,signatureOrSystem
android.permission.CHANGE_WIMAX_STATE,normal
android.permission.REQUEST_INSTALL_PACKAGES,signature
com.google.android.gm.email.permission.GET_WIDGET_UPDATE,signature
android.permission.ACCESS_VR_MANAGER,signature
com.google.android.gm.email.permission.UPDATE_AUTH_NOTIFICATION,signature
android.permission.MANAGE_AUTO_FILL,signature
android.permission.PACKET_KEEPALIVE_OFFLOAD,signatureOrSystem
com.google.android.googleapps.permission.GOOGLE_AUTH.sierraqa,signature
android.permission.BIND_NETWORK_RECOMMENDATION_SERVICE,signature
android.permission.MANAGE_CARRIER_OEM_UNLOCK_STATE,signatureOrSystem
android.permission.READ_WALLPAPER_INTERNAL,signatureOrSystem
android.permission.READ_LOWPAN_CREDENTIAL,signatureOrSystem
android.permission.ACTIVITY_EMBEDDING,signatureOrSystem
com.android.systemui.permission.SEND_ALERT_BROADCASTS,signature
com.google.android.apps.inputmethod.latin.permission.UPDATE_STICKER_INDEX,signature
android.permission.READ_PRINT_SERVICES,signature
android.permission.MANAGE_SUBSCRIPTION_PLANS,signatureOrSystem
android.permission.ACCESS_BROADCAST_RADIO,signatureOrSystem
android.permission.systemui.IDENTITY,signature
android.permission.READ_PRINT_SERVICE_RECOMMENDATIONS,signature
com.android.permission.WRITE_EMBEDDED_SUBSCRIPTIONS,signatureOrSystem
com.google.sensor.elmyra.permission.USE_RAW_SENSOR,signature
android.permission.TRIGGER_TIME_ZONE_RULES_CHECK,signature
com.google.android.elmyra.permission.CONFIGURE_ASSIST_GESTURE,signature
com.google.sensor.elmyra.permission.USE_SENSOR,signature
android.permission.ACCESS_LOWPAN_STATE,signatureOrSystem
android.permission.MANAGE_LOWPAN_INTERFACES,signatureOrSystem
android.permission.CHANGE_HDMI_CEC_ACTIVE_SOURCE,signatureOrSystem
android.permission.ACCESS_VR_STATE,signature
android.permission.READ_CONTENT_RATING_SYSTEMS,signatureOrSystem
android.permission.USE_COLORIZED_NOTIFICATIONS,signature
android.permission.DISABLE_INPUT_DEVICE,signature
com.android.permission.BIND_EUICC_SERVICE,signature
android.permission.UPDATE_TIME_ZONE_RULES,signatureOrSystem
android.permission.CHANGE_LOWPAN_STATE,signatureOrSystem
android.permission.SEND_EMBMS_INTENTS,signatureOrSystem
android.permission.ACCEPT_HANDOVER,dangerous
android.permission.USE_BIOMETRIC,normal
com.android.permission.INSTALL_EXISTING_PACKAGES,signatureOrSystem
android.permission.MANAGE_CAMERA,signature
android.permission.NETWORK_BYPASS_PRIVATE_DNS,signature
android.permission.READ_SYSTEM_UPDATE_INFO,signature
android.permission.USE_RESERVED_DISK,signatureOrSystem
android.permission.READ_RUNTIME_PROFILES,signatureOrSystem
android.permission.NFC_TRANSACTION_EVENT,normal
com.android.permission.WHITELIST_BLUETOOTH_DEVICE,signature
android.permission.MANAGE_AUDIO_POLICY,signature
android.permission.FOREGROUND_SERVICE,normal
android.permission.STATSCOMPANION,signature
android.permission.MANAGE_BIND_INSTANT_SERVICE,signature
android.permission.OPEN_APPLICATION_DETAILS_OPEN_BY_DEFAULT_PAGE,signature
android.permission.CONTROL_DISPLAY_SATURATION,signatureOrSystem
android.permission.ACCESS_AMBIENT_LIGHT_STATS,signatureOrSystem
android.permission.WATCH_APPOPS,signature
android.permission.WRITE_EMBEDDED_SUBSCRIPTIONS,signatureOrSystem
android.permission.RECOVER_KEYSTORE,signatureOrSystem
android.permission.CONTROL_REMOTE_APP_TRANSITION_ANIMATIONS,signatureOrSystem
android.permission.FORCE_PERSISTABLE_URI_PERMISSIONS,signature
android.permission.UNLIMITED_SHORTCUTS_API_CALLS,signature
android.permission.PROVISION_MANAGED_DEVICE_SILENTLY,signature
android.permission.INSTALL_PACKAGE_UPDATES,signatureOrSystem
android.permission.QUERY_TIME_ZONE_RULES,signatureOrSystem
android.permission.CONTROL_DISPLAY_BRIGHTNESS,signature
android.permission.MANAGE_IPSEC_TUNNELS,signature
android.permission.NETWORK_SETUP_WIZARD,signature
android.permission.ACCESS_BLUETOOTH_SHARE,signature
android.permission.OBSERVE_APP_USAGE,signatureOrSystem
android.permission.BIND_EUICC_SERVICE,signature
android.permission.INTERNAL_DELETE_CACHE_FILES,signature
android.permission.BIND_AUTOFILL_FIELD_CLASSIFICATION_SERVICE,signature
android.permission.DISABLE_HIDDEN_API_CHECKS,signature
android.permission.INSTALL_SELF_UPDATES,signatureOrSystem
android.permission.BIND_SOUND_TRIGGER_DETECTION_SERVICE,signature
android.permission.SHOW_KEYGUARD_MESSAGE,signatureOrSystem
android.permission.ACCESS_SHORTCUTS,signature
android.permission.BIND_TELEPHONY_NETWORK_SERVICE,signature
android.permission.SUSPEND_APPS,signatureOrSystem
android.permission.MODIFY_QUIET_MODE,signatureOrSystem
android.permission.CHANGE_APP_IDLE_STATE,signatureOrSystem
android.permission.BIND_SETTINGS_SUGGESTIONS_SERVICE,signature
android.permission.BRIGHTNESS_SLIDER_USAGE,signatureOrSystem
android.permission.TEST_BLACKLISTED_PASSWORD,signature
android.permission.SEND_SHOW_SUSPENDED_APP_DETAILS,signature
android.permission.BIND_TELEPHONY_DATA_SERVICE,signature
android.permission.BIND_TEXTCLASSIFIER_SERVICE,signature
android.permission.MANAGE_SLICE_PERMISSIONS,signature
android.permission.MANAGE_SCOPED_ACCESS_DIRECTORY_PERMISSIONS,signature
android.permission.ACTIVITY_RECOGNITION,dangerous
android.permission.ACCESS_BACKGROUND_LOCATION,dangerous
android.permission.ACCESS_MEDIA_LOCATION,dangerous
android.permission.MANAGE_APPOPS,signature
android.permission.MANAGE_TEST_NETWORKS,signature
android.permission.CONTROL_DISPLAY_COLOR_TRANSFORMS,signatureOrSystem
android.permission.GRANT_PROFILE_OWNER_DEVICE_IDS_ACCESS,signature
android.permission.BIND_ATTENTION_SERVICE,signature
com.android.permission.READ_OMADM_SETTINGS,signatureOrSystem
android.permission.CONTROL_ALWAYS_ON_VPN,signature
com.google.android.apps.enterprise.dmagent.permission.NotificationBroadcastReceiverPermission,signatureOrSystem
android.permission.CONTROL_KEYGUARD_SECURE_NOTIFICATIONS,signatureOrSystem
android.permission.START_ACTIVITY_AS_CALLER,signature
android.permission.MONITOR_DEFAULT_SMS_PACKAGE,signatureOrSystem
com.google.android.apps.enterprise.dmagent.permission.AutoRegisterPermission,signatureOrSystem
android.permission.ACCESS_SHARED_LIBRARIES,signature
android.permission.MONITOR_INPUT,signature
android.permission.POWER_SAVER,signatureOrSystem
android.permission.LOCK_DEVICE,signatureOrSystem
android.permission.NETWORK_SCAN,signatureOrSystem
android.permission.SEND_DEVICE_CUSTOMIZATION_READY,signatureOrSystem
android.permission.MANAGE_DYNAMIC_SYSTEM,signature
android.permission.MANAGE_CONTENT_CAPTURE,signature
android.permission.MANAGE_ROLE_HOLDERS,signature
android.permission.MANAGE_WIFI_WHEN_WIRELESS_CONSENT_REQUIRED,signature
android.permission.BIND_CALL_REDIRECTION_SERVICE,signatureOrSystem
com.google.android.apps.enterprise.dmagent.permission.InvokeDMSecurityLogsServicePermission,signature
android.permission.OPEN_APP_OPEN_BY_DEFAULT_SETTINGS,signature
android.permission.SMS_FINANCIAL_TRANSACTIONS,signature
android.permission.PACKAGE_ROLLBACK_AGENT,signature
android.permission.RESET_PASSWORD,signatureOrSystem
android.permission.WATCH_APPOPS,signatureOrSystem
android.permission.BIND_CARRIER_MESSAGING_CLIENT_SERVICE,signature
android.permission.WRITE_DEVICE_CONFIG,signature
android.permission.NETWORK_MANAGED_PROVISIONING,signature
android.permission.MANAGE_ACCESSIBILITY,signature
android.permission.MANAGE_COMPANION_DEVICES,signature
android.permission.RECEIVE_DEVICE_CUSTOMIZATION_READY,signature
android.permission.APPROVE_INCIDENT_REPORTS,signature
android.permission.REVIEW_ACCESSIBILITY_SERVICES,signature
android.permission.NETWORK_SIGNAL_STRENGTH_WAKEUP,signatureOrSystem
android.permission.WRITE_SETTINGS_HOMEPAGE_DATA,signatureOrSystem
android.permission.MANAGE_APP_PREDICTIONS,signature
android.permission.MANAGE_DEBUGGING,signatureOrSystem
android.permission.REQUEST_PASSWORD_COMPLEXITY,normal
android.permission.AMBIENT_WALLPAPER,signature
com.android.permission.WRITE_OMADM_SETTINGS,signatureOrSystem
android.permission.USE_FULL_SCREEN_INTENT,normal
android.permission.CALL_COMPANION_APP,normal
android.permission.REQUEST_INCIDENT_REPORT_APPROVAL,signatureOrSystem
android.permission.USE_BIOMETRIC_INTERNAL,signature
com.google.android.apps.enterprise.dmagent.permission.AutoSyncPermission,signatureOrSystem
com.google.android.apps.enterprise.dmagent.permission.InvokeDMServicePermission,signature
android.permission.WRITE_OBB,signatureOrSystem
android.permission.INSTALL_DYNAMIC_SYSTEM,signatureOrSystem
android.permission.OBSERVE_ROLE_HOLDERS,signature
android.permission.CAPTURE_SECURE_VIDEO_OUTPUT,signature
android.permission.RESET_FACE_LOCKOUT,signature
com.android.permission.INJECT_OMADM_SETTINGS,signatureOrSystem
android.permission.MANAGE_BIOMETRIC,signature
com.android.ims.permission.PRESENCE_ACCESS,signatureOrSystem
android.permission.MODIFY_DEFAULT_AUDIO_EFFECTS,signatureOrSystem
android.permission.MANAGE_BLUETOOTH_WHEN_WIRELESS_CONSENT_REQUIRED,signature
com.android.permission.OMADM_CONFIGURE_DONE,signature
android.permission.REQUEST_NOTIFICATION_ASSISTANT_SERVICE,signatureOrSystem
android.permission.MANAGE_CONTENT_SUGGESTIONS,signature
com.android.ims.rcs.permission.STATUS_CHANGED,signatureOrSystem
android.permission.BIND_CONTENT_SUGGESTIONS_SERVICE,signature
android.permission.MANAGE_ROLLBACKS,signature
com.android.permissioncontroller.permission.MANAGE_ROLES_FROM_CONTROLLER,signature
android.permission.MAINLINE_NETWORK_STACK,signature
android.permission.MANAGE_SENSOR_PRIVACY,signature
com.android.rcs.eab.permission.READ_WRITE_EAB,signatureOrSystem
com.google.android.apps.maps.permission.TIMELINE_POST_VISIT_BADGE,signature
com.google.android.apps.play.movies.common.permission.INVALIDATE_AUTH_TOKENS,signature
android.permission.SUSPEND_APPS,signature
android.permission.MANAGE_DEVICE_ADMINS,signature
android.permission.BIND_FINANCIAL_SMS_SERVICE,signature
android.permission.TEST_MANAGE_ROLLBACKS,signature
android.permission.REMOTE_DISPLAY_PROVIDER,signatureOrSystem
android.permission.SUBSTITUTE_SHARE_TARGET_APP_NAME_AND_ICON,signatureOrSystem
android.permission.MANAGE_EXTERNAL_STORAGE,signature
android.permission.BLUETOOTH_CONNECT,dangerous
android.permission.RECORD_BACKGROUND_AUDIO,signatureOrSystem
android.permission.SYSTEM_CAMERA,signatureOrSystem
android.permission.CAMERA_OPEN_CLOSE_LISTENER,signature
android.permission.BACKGROUND_CAMERA,signatureOrSystem
android.permission.BLUETOOTH_ADVERTISE,dangerous
android.permission.UWB_RANGING,dangerous
android.permission.BLUETOOTH_SCAN,dangerous
android.permission.HIGH_SAMPLING_RATE_SENSORS,normal
android.permission.NFC_PREFERRED_PAYMENT_INFO,normal
android.permission.WIFI_ACCESS_COEX_UNSAFE_CHANNELS,signature
android.permission.MANAGE_CRATES,signature
com.android.permission.ALLOWLIST_BLUETOOTH_DEVICE,signature
com.google.android.apps.quartz.nga.permissions.ACCESS_LOGS,signature
android.permission.NFC_SET_CONTROLLER_ALWAYS_ON,signatureOrSystem
android.permission.TOGGLE_AUTOMOTIVE_PROJECTION,signatureOrSystem
android.permission.NETWORK_STATS_PROVIDER,signature
android.permission.MANAGE_FACTORY_RESET_PROTECTION,signatureOrSystem
android.permission.OVERRIDE_COMPAT_CHANGE_CONFIG_ON_RELEASE_BUILD,signatureOrSystem
android.permission.READ_SYSTEM_UPDATE_INFO,signatureOrSystem
android.permission.ENTER_CAR_MODE_PRIORITIZED,signatureOrSystem
com.android.chrome.permission.TRANSLATE,signature
android.permission.WIFI_UPDATE_COEX_UNSAFE_CHANNELS,signature
android.permission.READ_ACTIVE_EMERGENCY_SESSION,signature
android.permission.QUERY_AUDIO_STATE,signature
android.permission.MANAGE_ONE_TIME_PERMISSION_SESSIONS,signature
android.permission.MANAGE_HOTWORD_DETECTION,signatureOrSystem
android.permission.BIND_MUSIC_RECOGNITION_SERVICE,signature
android.permission.UPDATE_DOMAIN_VERIFICATION_USER_SELECTION,signature
android.permission.UPGRADE_RUNTIME_PERMISSIONS,signature
android.permission.TRIGGER_SHELL_PROFCOLLECT_UPLOAD,signature
android.permission.CONTROL_UI_TRACING,signatureOrSystem
com.google.android.columbus.permission.CONFIGURE_COLUMBUS_GESTURE,signature
android.permission.BIND_CALL_DIAGNOSTIC_SERVICE,signature
android.permission.VIBRATE_ALWAYS_ON,signature
android.permission.INSTALL_LOCATION_TIME_ZONE_PROVIDER_SERVICE,signatureOrSystem
android.permission.BIND_TRANSLATION_SERVICE,signature
android.permission.BIND_ROTATION_RESOLVER_SERVICE,signature
android.permission.REQUEST_COMPANION_START_FOREGROUND_SERVICES_FROM_BACKGROUND,normal
android.permission.MANAGE_WIFI_COUNTRY_CODE,signature
android.permission.ACCESS_TUNED_INFO,signatureOrSystem
android.permission.READ_GLOBAL_APP_SEARCH_DATA,signatureOrSystem
android.permission.BYPASS_ROLE_QUALIFICATION,signatureOrSystem
com.google.android.providers.gsf.permission.WRITE_GSERVICES,signature
android.permission.ALLOW_PLACE_IN_MULTI_PANE_SETTINGS,signature
android.permission.CLEAR_FREEZE_PERIOD,signature
android.permission.LAUNCH_MULTI_PANE_SETTINGS_DEEP_LINK,signature
android.permission.INSTALL_TEST_ONLY_PACKAGE,signature
android.permission.MANAGE_ACTIVITY_TASKS,signature
android.permission.MONITOR_DEVICE_CONFIG_ACCESS,signature
android.permission.LISTEN_ALWAYS_REPORTED_SIGNAL_STRENGTH,signature
android.permission.KEEP_UNINSTALLED_PACKAGES,signature
android.permission.UPDATE_FONTS,signatureOrSystem
android.permission.CONTROL_DEVICE_LIGHTS,signatureOrSystem
android.permission.WHITELIST_AUTO_REVOKE_PERMISSIONS,signature
android.permission.ACCESS_RCS_USER_CAPABILITY_EXCHANGE,signatureOrSystem
com.google.android.googlequicksearchbox.permission.LAUNCH_FROM_GMM,signature
android.permission.USE_ICC_AUTH_WITH_DEVICE_IDENTIFIER,signature
android.permission.RESTART_WIFI_SUBSYSTEM,signatureOrSystem
android.permission.BIND_DOMAIN_VERIFICATION_AGENT,signature
android.permission.MANAGE_ROTATION_RESOLVER,signature
android.permission.SIGNAL_REBOOT_READINESS,signatureOrSystem
android.permission.GRANT_RUNTIME_PERMISSIONS_TO_TELEPHONY_DEFAULTS,signature
android.permission.SET_INITIAL_LOCK,signature
android.permission.VIRTUAL_INPUT_DEVICE,signature
android.permission.CONTROL_OEM_PAID_NETWORK_PREFERENCE,signature
android.permission.MANAGE_TIME_AND_ZONE_DETECTION,signatureOrSystem
android.permission.UPDATE_PACKAGES_WITHOUT_USER_ACTION,normal
android.permission.REQUEST_OBSERVE_COMPANION_DEVICE_PRESENCE,normal
android.permission.READ_NEARBY_STREAMING_POLICY,signatureOrSystem
android.permission.BIND_HOTWORD_DETECTION_SERVICE,signature
android.permission.READ_PROJECTION_STATE,signature
android.permission.ROTATE_SURFACE_FLINGER,signature
android.permission.PERFORM_IMS_SINGLE_REGISTRATION,signatureOrSystem
android.permission.BIND_QUICK_ACCESS_WALLET_SERVICE,signature
android.permission.EXEMPT_FROM_AUDIO_RECORD_RESTRICTIONS,signatureOrSystem
android.permission.DISABLE_SYSTEM_SOUND_EFFECTS,signatureOrSystem
android.permission.ACCESS_CONTEXT_HUB,signatureOrSystem
android.permission.UWB_PRIVILEGED,signatureOrSystem
android.permission.CAPTURE_VOICE_COMMUNICATION_OUTPUT,signatureOrSystem
android.permission.KEYPHRASE_ENROLLMENT_APPLICATION,signatureOrSystem
android.permission.ACCESS_VIBRATOR_STATE,signatureOrSystem
android.permission.BIND_TIME_ZONE_PROVIDER_SERVICE,signature
android.permission.CONTROL_DEVICE_STATE,signature
android.permission.SUGGEST_TELEPHONY_TIME_AND_ZONE,signature
android.permission.GET_PEOPLE_TILE_PREVIEW,signature
android.permission.TUNER_RESOURCE_ACCESS,signatureOrSystem
android.permission.HIDE_OVERLAY_WINDOWS,normal
android.permission.ACCESS_BLOBS_ACROSS_USERS,signatureOrSystem
android.permission.LOG_COMPAT_CHANGE,signatureOrSystem
android.permission.RADIO_SCAN_WITHOUT_LOCATION,signature
android.permission.ACCESS_LOCUS_ID_USAGE_STATS,signature
android.permission.BIND_DISPLAY_HASHING_SERVICE,signature
android.permission.ASSOCIATE_COMPANION_DEVICES,signatureOrSystem
android.permission.NETWORK_FACTORY,signature
android.permission.BATTERY_PREDICTION,signatureOrSystem
android.permission.TEST_BIOMETRIC,signature
android.permission.OBSERVE_SENSOR_PRIVACY,signatureOrSystem
android.permission.PEEK_DROPBOX_DATA,signature
com.android.permission.USE_INSTALLER_V2,signatureOrSystem
android.permission.SYSTEM_APPLICATION_OVERLAY,signature
android.permission.INPUT_CONSUMER,signature
android.permission.ACCESS_MESSAGES_ON_ICC,signature
android.permission.MANAGE_MEDIA,signature
android.permission.RENOUNCE_PERMISSIONS,signatureOrSystem
android.permission.SEND_CATEGORY_CAR_NOTIFICATIONS,signatureOrSystem
android.permission.BIND_COMPANION_DEVICE_SERVICE,signature
android.permission.DOMAIN_VERIFICATION_AGENT,signatureOrSystem
android.permission.OBSERVE_NETWORK_POLICY,signature
android.permission.RESET_APP_ERRORS,signature
android.permission.MANAGE_SPEECH_RECOGNITION,signature
android.permission.MANAGE_ONGOING_CALLS,signature
com.google.android.gms.auth.cryptauth.permission.CABLEV2_SERVER_LINK,signature
com.android.permission.USE_SYSTEM_DATA_LOADERS,signature
android.permission.TRIGGER_SHELL_BUGREPORT,signature
android.permission.MANAGE_CREDENTIAL_MANAGEMENT_APP,signature
android.permission.BROADCAST_CLOSE_SYSTEM_DIALOGS,signatureOrSystem
android.permission.OVERRIDE_DISPLAY_MODE_REQUESTS,signature
android.permission.MANAGE_ROLLBACKS,signatureOrSystem
com.google.android.apps.docs.permission.READ_MY_DATA,signature
android.permission.SET_AND_VERIFY_LOCKSCREEN_CREDENTIALS,signature
android.permission.MANAGE_MUSIC_RECOGNITION,signatureOrSystem
android.permission.SECURE_ELEMENT_PRIVILEGED_OPERATION,signatureOrSystem
android.permission.MANAGE_SENSOR_PRIVACY,signatureOrSystem
android.permission.SCHEDULE_PRIORITIZED_ALARM,signatureOrSystem
android.permission.CAPTURE_TUNER_AUDIO_INPUT,signatureOrSystem
android.permission.OVERRIDE_COMPAT_CHANGE_CONFIG,signatureOrSystem
android.permission.SOUNDTRIGGER_DELEGATE_IDENTITY,signatureOrSystem
android.permission.REGISTER_STATS_PULL_ATOM,signatureOrSystem
android.permission.READ_DREAM_SUPPRESSION,signature
android.permission.ACCESS_TV_TUNER,signatureOrSystem
android.permission.READ_PEOPLE_DATA,signature
android.permission.SCHEDULE_EXACT_ALARM,normal
android.permission.ASSOCIATE_INPUT_DEVICE_TO_DISPLAY,signature
android.permission.ACCESS_TV_DESCRAMBLER,signatureOrSystem
android.permission.SOUND_TRIGGER_RUN_IN_BATTERY_SAVER,signatureOrSystem
android.permission.BIND_CONTROLS,signature
com.google.android.apps.docs.permission.SYNC_STATUS,normal
android.permission.ADD_TRUSTED_DISPLAY,signature
android.permission.MANAGE_NOTIFICATION_LISTENERS,signature
com.google.android.googlequicksearchbox.permission.REGISTER_SMARTSPACE,signatureOrSystem
android.permission.BIND_RESUME_ON_REBOOT_SERVICE,signature
android.permission.MANAGE_GAME_MODE,signature
android.permission.WIFI_SET_DEVICE_MOBILITY_STATE,signatureOrSystem
android.permission.CAMERA_INJECT_EXTERNAL_CAMERA,signature
android.permission.START_ACTIVITIES_FROM_BACKGROUND,signatureOrSystem
android.permission.SUGGEST_EXTERNAL_TIME,signatureOrSystem
android.permission.BIND_CELL_BROADCAST_SERVICE,signature
android.permission.READ_COMPAT_CHANGE_CONFIG,signatureOrSystem
com.android.systemui.permission.FLAGS,signature
android.permission.LOADER_USAGE_STATS,signatureOrSystem
android.permission.MANAGE_BIOMETRIC_DIALOG,signature
android.permission.SUGGEST_MANUAL_TIME_AND_ZONE,signature
android.permission.COMPANION_APPROVE_WIFI_CONNECTIONS,signatureOrSystem
android.permission.START_VIEW_PERMISSION_USAGE,signature
android.permission.CAPTURE_VIDEO_OUTPUT,signature
android.permission.HANDLE_CALL_INTENT,signatureOrSystem
android.permission.MEDIA_RESOURCE_OVERRIDE_PID,signature
android.permission.READ_CARRIER_APP_INFO,signature
android.permission.CAPTURE_BLACKOUT_CONTENT,signature
android.permission.BIND_GBA_SERVICE,signature
android.permission.REGISTER_MEDIA_RESOURCE_OBSERVER,signatureOrSystem
android.permission.MANAGE_TOAST_RATE_LIMITING,signature
android.permission.MANAGE_APP_HIBERNATION,signature
android.permission.START_FOREGROUND_SERVICES_FROM_BACKGROUND,signatureOrSystem
android.permission.HANDLE_CAR_MODE_CHANGES,signatureOrSystem
android.permission.INTERACT_ACROSS_PROFILES,signature
android.permission.WIFI_UPDATE_USABILITY_STATS_SCORE,signatureOrSystem
android.permission.WHITELIST_RESTRICTED_PERMISSIONS,signature
com.google.android.gms.vehicle.permission.SHARED_AUTO_SENSOR_DATA,signature
android.permission.BIND_EXTERNAL_STORAGE_SERVICE,signature
android.permission.SET_CLIP_SOURCE,signature
android.permission.CAPTURE_MEDIA_OUTPUT,signatureOrSystem
android.permission.READ_CLIPBOARD_IN_BACKGROUND,signature
android.permission.ENABLE_TEST_HARNESS_MODE,signature
com.google.android.apps.gsa.nga.permissions.EDIT_PREFERENCES,signature
android.permission.REQUEST_COMPANION_PROFILE_WATCH,normal
android.permission.CONFIGURE_DISPLAY_BRIGHTNESS,signatureOrSystem
com.google.android.systemui.permission.WIRELESS_CHARGER_STATUS,signatureOrSystem
com.google.android.gm.email.permission.READ_ATTACHMENT,signature
com.google.android.apps.enterprise.dmagent.permission.C2D_MESSAGE,signature
android.permission.GET_RUNTIME_PERMISSIONS,signature
android.permission.MANAGE_SMARTSPACE,signature
android.permission.ACT_AS_PACKAGE_FOR_ACCESSIBILITY,signature
com.google.android.deskclock.permission.RECEIVE_ALERT_BROADCASTS,signatureOrSystem
android.permission.BIND_PHONE_ACCOUNT_SUGGESTION_SERVICE,signature
android.permission.MARK_DEVICE_ORGANIZATION_OWNED,signature
com.google.android.launcher.permission.READ_SETTINGS,signatureOrSystem
com.android.chrome.permission.DEBUG,signature
android.permission.MANAGE_APP_OPS_MODES,signature
android.permission.NETWORK_CARRIER_PROVISIONING,signatureOrSystem
android.permission.MODIFY_REFRESH_RATE_SWITCHING_TYPE,signature
android.permission.READ_FRAME_BUFFER,signature
android.permission.QUERY_ALL_PACKAGES,normal
android.permission.MANAGE_SEARCH_UI,signature
android.permission.READ_DEVICE_CONFIG,signature
android.permission.BIND_EXPLICIT_HEALTH_CHECK_SERVICE,signatureOrSystem
android.permission.CONFIGURE_INTERACT_ACROSS_PROFILES,signature
android.permission.UNLIMITED_TOASTS,signature
android.permission.NETWORK_AIRPLANE_MODE,signature
android.permission.MODIFY_SETTINGS_OVERRIDEABLE_BY_RESTORE,signature
android.permission.MANAGE_UI_TRANSLATION,signatureOrSystem
android.permission.MANAGE_SENSORS,signature
android.permission.FORCE_DEVICE_POLICY_MANAGER_LOGS,signature
android.permission.BIND_INLINE_SUGGESTION_RENDER_SERVICE,signature
android.permission.BIND_CONTENT_CAPTURE_SERVICE,signature
com.android.chrome.permission.SHOW_COMPLIANCE_SCREEN,signatureOrSystem
android.permission.SET_HARMFUL_APP_WARNINGS,signature
android.permission.BIND_AUGMENTED_AUTOFILL_SERVICE,signature
android.permission.OPEN_ACCESSIBILITY_DETAILS_SETTINGS,signature
android.permission.RESTORE_RUNTIME_PERMISSIONS,signature
android.contacts.permission.MANAGE_SIM_ACCOUNTS,signature
android.permission.ADJUST_RUNTIME_PERMISSIONS_POLICY,signature
com.google.android.googlequicksearchbox.permission.LENSVIEW_BROADCAST,signature
android.permission.ASSOCIATE_INPUT_DEVICE_TO_DISPLAY_BY_PORT,signature
com.google.android.apps.play.movies.common.permission.MOCK_FCM_RECEIVE,signature
